{
  "features": [
    "total_pnl",
    "total_pnl_1d",
    "total_pnl_3d",
    "total_pnl_7d",
    "total_invested",
    "total_invested_3d",
    "total_invested_7d",
    "best_market_pnl",
    "best_market_pnl_7d",
    "avg_market_exposure",
    "stddev_position_size_7d",
    "dominant_market_pnl",
    "dominant_market_pnl_7d",
    "pnl_cat_sports",
    "pnl_cat_other",
    "pnl_cat_other_7d",
    "statistical_confidence",
    "statistical_confidence_1d",
    "markets_traded",
    "pnl_cat_economics",
    "worst_market_pnl",
    "worst_market_pnl_1d",
    "roi_1d",
    "roi_3d",
    "profit_factor",
    "profit_factor_7d",
    "win_rate",
    "win_rate_1d",
    "win_rate_3d",
    "market_concentration_ratio",
    "pnl_cat_crypto",
    "sortino_ratio",
    "calmar_ratio",
    "gain_to_pain_ratio",
    "annualized_return",
    "total_trades"
  ],
  "weights": [
    8.496810077455654,
    6.545810785724316,
    2.1204894450176406,
    3.9901228947685503,
    3.649548105741542,
    1.5864782995286324,
    0.2555359328791587,
    3.0574616740028917,
    0.24758669263767916,
    4.182631042763689,
    1.4623145436164724,
    4.462794866614954e-08,
    2.508929449698322e-06,
    1.5330778904347147,
    0.8703623959754121,
    0.7847809545024057,
    3.157164555568685,
    1.8462887877911112,
    2.956671454641044,
    6.851369261668048,
    2.998568166242345,
    4.872509072572079,
    1.9518647245523257,
    8.339104814649144,
    2.590872142377192,
    6.589626069845755e-22,
    2.036700888671735,
    1.7413254977250152,
    0.2859430242177883,
    1.1434231487835316,
    1.0760907724780469,
    2.027842551378038,
    1.9013580067828382,
    6.7154652445690965,
    1.5549973163590479e-06,
    8.724423041728452
  ],
  "spearman_rho": 0.3282563866912377,
  "p25_train": 0.5862295081967211,
  "inverted": [
    "worst_market_pnl_1d",
    "roi_3d",
    "profit_factor",
    "win_rate",
    "pnl_cat_crypto",
    "win_rate_1d",
    "roi_1d",
    "worst_market_pnl",
    "market_concentration_ratio",
    "win_rate_3d",
    "profit_factor_7d"
  ],
  "medians": {
    "sortino_ratio": 1.455,
    "calmar_ratio": 5.3513,
    "gain_to_pain_ratio": 4.0532,
    "annualized_return": 2.6514
  }
}