{
  "features": [
    "total_pnl",
    "total_pnl_1d",
    "total_pnl_3d",
    "total_pnl_7d",
    "total_invested",
    "total_invested_3d",
    "total_invested_7d",
    "best_trade",
    "best_trade_7d",
    "avg_position_size",
    "stddev_position_size_7d",
    "dominant_market_pnl",
    "dominant_market_pnl_7d",
    "pnl_cat_sports",
    "pnl_cat_other",
    "pnl_cat_other_7d",
    "perfect_entry_count",
    "statistical_confidence",
    "statistical_confidence_1d",
    "markets_traded",
    "pnl_cat_economics",
    "worst_trade",
    "worst_trade_1d",
    "roi_1d",
    "roi_3d",
    "profit_factor",
    "profit_factor_7d",
    "win_rate",
    "win_rate_1d",
    "win_rate_3d",
    "market_concentration_ratio",
    "pnl_cat_crypto",
    "sortino_ratio",
    "calmar_ratio",
    "gain_to_pain_ratio",
    "annualized_return",
    "total_trades"
  ],
  "weights": [
    4.572528299368909,
    7.804245303717097,
    11.355921987425575,
    0.0,
    0.0,
    3.5151222873069836e-16,
    1.5977394641574735e-16,
    0.39852136667626387,
    2.571737931799156,
    6.083828175771746,
    6.741222274034893,
    1.3213478852143092,
    3.26718600886754e-16,
    5.419212832277857,
    4.575619530764269,
    2.9275194314149537,
    2.291871186200213e-16,
    0.1135436512162291,
    3.153702102957447,
    7.844493342061916,
    3.6649867157594263,
    6.857139603090317,
    0.13887051081035082,
    5.6816507462498285,
    8.349192924883697,
    0.0,
    4.130619271364324,
    0.8681467564156945,
    2.9390384309822823,
    0.39973230752347466,
    0.0,
    1.9834266279819408,
    0.0,
    0.0,
    7.084315839129265e-16,
    0.0,
    0.10375199023805684
  ],
  "spearman_rho": 0.31122976601662455,
  "inverted": [
    "win_rate_3d",
    "worst_trade",
    "profit_factor",
    "win_rate",
    "win_rate_1d",
    "worst_trade_1d",
    "roi_3d",
    "roi_1d",
    "profit_factor_7d",
    "pnl_cat_crypto",
    "market_concentration_ratio"
  ],
  "medians": {
    "annualized_return": 1.2046,
    "gain_to_pain_ratio": 2.8872,
    "sortino_ratio": 12.6199,
    "calmar_ratio": 0.55925
  }
}