{
  "features": [
    "total_invested",
    "total_pnl",
    "best_trade",
    "worst_trade",
    "avg_position_size",
    "stddev_position_size",
    "coefficient_of_variation",
    "dominant_market_pnl",
    "calmar_ratio",
    "sortino_ratio",
    "gain_to_pain_ratio",
    "annualized_return",
    "total_trades",
    "markets_traded",
    "days_active",
    "market_concentration_ratio",
    "statistical_confidence",
    "curve_smoothness",
    "perfect_timing_score",
    "perfect_entry_count",
    "perfect_exit_count",
    "pnl_cat_sports",
    "pnl_cat_crypto",
    "pnl_cat_world_events",
    "pnl_cat_economics",
    "pnl_cat_politics",
    "pnl_cat_entertainment",
    "pnl_cat_other"
  ],
  "weights": [
    11.023238934419657,
    8.996640510869968,
    1.7959557784203593,
    5.515175762263917,
    6.072552513090416,
    2.0896084890333015,
    1.5087058105523268,
    5.485298013210563,
    1.8151680705695534,
    6.656333824280267,
    2.7297174765455234,
    1.9153859191655769,
    1.4064990136451425,
    0.9380091666078513,
    0.8296028449584973,
    0.15143119737447905,
    0.9443704063975299,
    0.15500117489257342,
    0.8879893991317357,
    8.885684262571267,
    6.85990796246568,
    6.49285987899432,
    1.5130058660204206,
    8.24468389081246,
    3.0152561758357135,
    0.2362739221503343,
    0.8336591371973404,
    3.001984598523218
  ],
  "spearman_rho": 0.2575463420366205,
  "inverted": [
    "market_concentration_ratio",
    "worst_trade"
  ]
}