{
  "features": [
    "total_pnl",
    "total_pnl_1d",
    "total_pnl_3d",
    "total_pnl_7d",
    "total_invested",
    "total_invested_3d",
    "total_invested_7d",
    "best_trade",
    "best_trade_7d",
    "avg_position_size",
    "stddev_position_size_7d",
    "dominant_market_pnl",
    "dominant_market_pnl_7d",
    "pnl_cat_sports",
    "pnl_cat_other",
    "pnl_cat_other_7d",
    "perfect_entry_count",
    "statistical_confidence",
    "statistical_confidence_1d",
    "markets_traded",
    "pnl_cat_economics",
    "worst_trade",
    "worst_trade_1d",
    "roi_1d",
    "roi_3d",
    "profit_factor",
    "profit_factor_7d",
    "win_rate",
    "win_rate_1d",
    "win_rate_3d",
    "market_concentration_ratio",
    "pnl_cat_crypto"
  ],
  "weights": [
    4.5135154746236035,
    7.841351050108382,
    11.340765899767906,
    1.3507264908698191e-16,
    6.148041148457018e-17,
    1.2631579424078352e-16,
    9.76834873530752e-17,
    0.4790314563355362,
    2.5709159983425214,
    6.124716058411284,
    6.6977846680743856,
    1.2902807982405238,
    2.246021093083835e-16,
    5.420047397955061,
    4.583246154825059,
    2.9156224831224176,
    0.0,
    0.21439092833438714,
    3.1296333488365633,
    7.873396802926601,
    3.6677282754224545,
    6.818420086088406,
    0.16195063692905287,
    5.721499267312445,
    8.337491469153925,
    1.7514640403452078e-17,
    4.115223851347037,
    0.8545200030728277,
    2.912986971591902,
    0.4141661507373417,
    2.339398005189149e-16,
    2.001314768440383
  ],
  "spearman_rho": 0.3112268028742738,
  "inverted": [
    "market_concentration_ratio",
    "win_rate_1d",
    "profit_factor",
    "worst_trade_1d",
    "pnl_cat_crypto",
    "profit_factor_7d",
    "win_rate",
    "roi_3d",
    "worst_trade",
    "win_rate_3d",
    "roi_1d"
  ]
}