{
  "features": [
    "total_pnl",
    "total_pnl_1d",
    "total_pnl_3d",
    "total_pnl_7d",
    "total_invested",
    "total_invested_3d",
    "total_invested_7d",
    "best_trade",
    "best_trade_7d",
    "avg_position_size",
    "stddev_position_size_7d",
    "dominant_market_pnl",
    "dominant_market_pnl_7d",
    "pnl_cat_sports",
    "pnl_cat_other",
    "pnl_cat_other_7d",
    "perfect_entry_count",
    "statistical_confidence",
    "statistical_confidence_1d",
    "markets_traded",
    "pnl_cat_economics",
    "worst_trade",
    "worst_trade_1d",
    "roi_1d",
    "roi_3d",
    "profit_factor",
    "profit_factor_7d",
    "win_rate",
    "win_rate_1d",
    "win_rate_3d",
    "market_concentration_ratio",
    "pnl_cat_crypto",
    "sortino_ratio",
    "calmar_ratio",
    "gain_to_pain_ratio",
    "annualized_return",
    "total_trades",
    "pnl_per_trade",
    "pnl_per_trade_1d",
    "pnl_per_trade_3d",
    "pnl_per_trade_7d"
  ],
  "weights": [
    1.5648034802442796,
    1.5124737659875207,
    2.296322596584359,
    1.1289647167774106,
    1.0246632882050912,
    0.05082436851128086,
    4.0549359600440456,
    3.137028254847525,
    1.3137224644897023,
    2.5444953914120556,
    1.3160643315555214,
    0.3177386971010534,
    0.40503444704271685,
    8.645887240707891,
    3.2830865714025745,
    1.1572357461622407,
    3.6693199647568235,
    1.8771986715556783,
    3.995075401297184,
    2.8417360888955927,
    3.650687578225039,
    0.014865518696830162,
    11.147853474452926,
    0.12311322527368238,
    1.2919488901564387,
    0.3423170633476466,
    0.5598184316106719,
    1.3614959736055066,
    1.1405329089858582,
    7.482348125998671,
    1.2595693126496237,
    7.788209915792816,
    2.2604574581551415,
    1.2902878088955931,
    2.36672987236166,
    2.2407449207148833,
    0.7722424542887383,
    0.7541292539371723,
    5.937353357402197,
    0.20614576906536147,
    1.872537238803014
  ],
  "spearman_rho": 0.2508530072508158,
  "p25_train": 0.4472131147540984,
  "inverted": [
    "roi_1d",
    "win_rate_3d",
    "win_rate_1d",
    "market_concentration_ratio",
    "profit_factor_7d",
    "win_rate",
    "roi_3d",
    "worst_trade",
    "worst_trade_1d",
    "pnl_cat_crypto",
    "profit_factor"
  ],
  "medians": {
    "calmar_ratio": 0.55925,
    "sortino_ratio": 12.6199,
    "annualized_return": 1.2046,
    "gain_to_pain_ratio": 2.8872
  }
}