{
  "features": [
    "total_pnl",
    "total_pnl_1d",
    "total_pnl_3d",
    "total_pnl_7d",
    "total_invested",
    "total_invested_3d",
    "total_invested_7d",
    "best_trade",
    "best_trade_7d",
    "avg_position_size",
    "stddev_position_size_7d",
    "dominant_market_pnl",
    "dominant_market_pnl_7d",
    "pnl_cat_sports",
    "pnl_cat_other",
    "pnl_cat_other_7d",
    "perfect_entry_count",
    "statistical_confidence",
    "statistical_confidence_1d",
    "markets_traded",
    "pnl_cat_economics",
    "worst_trade",
    "worst_trade_1d",
    "roi_1d",
    "roi_3d",
    "profit_factor",
    "profit_factor_7d",
    "win_rate",
    "win_rate_1d",
    "win_rate_3d",
    "market_concentration_ratio",
    "pnl_cat_crypto",
    "sortino_ratio",
    "calmar_ratio",
    "gain_to_pain_ratio",
    "annualized_return",
    "total_trades"
  ],
  "weights": [
    2.8680913553049656,
    4.478213134786063,
    4.018123297978747,
    1.8268855983377148,
    8.594551254810122,
    1.904480815363945,
    0.9004934489366363,
    3.270199950072829,
    6.141069921637718,
    1.046605111616226,
    2.9949501284688598,
    1.3369067379381978,
    0.11021439767251692,
    0.9308531078950344,
    3.9187149626222553,
    4.7032105891118,
    0.8862679454189606,
    3.3303457023661993,
    1.877297646273568,
    3.107403007897589,
    0.13033169115957788,
    0.5264631813284959,
    0.7262425352198132,
    1.1450207645716195,
    1.8331577872869043,
    1.9073682313227747,
    1.8666929577288887,
    0.46734830698674346,
    9.672501171189717,
    1.4033359958231213,
    2.6874632025985066,
    6.6406513075570315,
    0.4581236218443189,
    2.801375582640749,
    1.6660098930472413,
    5.617365818458575,
    2.2056698367259338
  ],
  "spearman_rho": 0.27805765569085433,
  "p25_train": 0.4518032786885247,
  "inverted": [
    "profit_factor_7d",
    "win_rate_1d",
    "roi_3d",
    "win_rate_3d",
    "pnl_cat_crypto",
    "win_rate",
    "worst_trade_1d",
    "market_concentration_ratio",
    "roi_1d",
    "worst_trade",
    "profit_factor"
  ],
  "medians": {
    "sortino_ratio": 12.6199,
    "calmar_ratio": 0.55925,
    "annualized_return": 1.2046,
    "gain_to_pain_ratio": 2.8872
  }
}