{
  "features": [
    "total_pnl",
    "total_pnl_1d",
    "total_pnl_3d",
    "total_pnl_7d",
    "total_invested",
    "total_invested_3d",
    "total_invested_7d",
    "best_trade",
    "best_trade_7d",
    "avg_position_size",
    "stddev_position_size_7d",
    "dominant_market_pnl",
    "dominant_market_pnl_7d",
    "pnl_cat_sports",
    "pnl_cat_other",
    "pnl_cat_other_7d",
    "perfect_entry_count",
    "statistical_confidence",
    "statistical_confidence_1d",
    "markets_traded",
    "pnl_cat_economics",
    "worst_trade",
    "worst_trade_1d",
    "roi_1d",
    "roi_3d",
    "profit_factor",
    "profit_factor_7d",
    "win_rate",
    "win_rate_1d",
    "win_rate_3d",
    "market_concentration_ratio",
    "pnl_cat_crypto",
    "sortino_ratio",
    "calmar_ratio",
    "gain_to_pain_ratio",
    "annualized_return",
    "total_trades"
  ],
  "weights": [
    3.152855259285782,
    1.7562820416604397,
    0.5165575539066645,
    4.212732878741009,
    0.6251737588195359,
    0.6416734697440186,
    13.604210281527934,
    0.49249903829851405,
    0.6653773037891078,
    0.5138804790759712,
    3.3018437560984086,
    1.4716442974410944,
    1.685917559616272,
    2.3591211081370136,
    0.35674272138142477,
    0.5912566559267373,
    6.533361100610616,
    5.617252198389057,
    2.1676915198805333,
    6.433452599427218,
    0.20090563477195064,
    2.2257324514656567,
    3.206464291510939,
    4.882484361221139,
    2.1485015067604256,
    1.846540723137793,
    0.3678845517875625,
    2.6113141310780033,
    1.674653863650706e-20,
    4.99034466271979,
    1.681951577428965,
    2.0875824254371773e-20,
    0.8050364075571194,
    1.8163476169955606,
    9.276961460962491,
    3.130229684007158,
    4.109775356838087
  ],
  "spearman_rho": 0.28947622192732314,
  "p25_train": 0.5633333333333334,
  "inverted": [
    "win_rate_1d",
    "win_rate",
    "profit_factor",
    "pnl_cat_crypto",
    "profit_factor_7d",
    "worst_trade_1d",
    "roi_1d",
    "worst_trade",
    "roi_3d",
    "win_rate_3d",
    "market_concentration_ratio"
  ],
  "medians": {
    "sortino_ratio": 12.046700000000001,
    "annualized_return": 1.67855,
    "gain_to_pain_ratio": 3.13705,
    "calmar_ratio": 2.7388
  }
}