{
  "features": [
    "total_pnl",
    "best_market_pnl",
    "worst_market_pnl",
    "avg_market_exposure",
    "profitable_markets_count",
    "sortino_ratio",
    "calmar_ratio",
    "annualized_return",
    "sports_pnl",
    "sports_trades",
    "sports_invested",
    "sports_pnl_mlb",
    "sports_pnl_la_liga",
    "sports_pnl_ligue_1",
    "sports_pnl_bundesliga",
    "sports_pnl_wnba",
    "sports_pnl_golf",
    "sports_pnl_college_football",
    "sports_pnl_f1",
    "total_invested_7d",
    "best_market_pnl_7d",
    "worst_market_pnl_7d",
    "profit_factor_7d",
    "win_rate_7d",
    "pnl_cat_sports_7d",
    "total_pnl_3d",
    "total_invested_3d"
  ],
  "weights": [
    11.906670737721658,
    9.646074524807206,
    2.0383721174327945,
    5.681966808297778,
    5.769502343574531,
    1.8201020138355444,
    0.9565988307915585,
    5.948547012688766,
    1.8086986214826886,
    7.1530905112013405,
    3.0236232399058602,
    2.0047039149514307,
    1.7601929119715185,
    1.1080389434113658,
    0.0,
    0.07527769696561333,
    0.8700138341198453,
    0.2413225188678884,
    0.7636314734492533,
    9.581984259397625,
    7.141419207375582,
    6.995866567369483,
    1.106989045103042,
    8.275238927626443,
    3.291159023246333,
    0.20340166399674925,
    0.8275132504080851
  ],
  "spearman_rho": 0.2959673017214563,
  "p_at_k_train": 0.47888888888888875,
  "inverted": [
    "worst_market_pnl_7d",
    "profit_factor_7d",
    "worst_market_pnl",
    "win_rate_7d"
  ],
  "medians": {
    "calmar_ratio": 3.45995,
    "sortino_ratio": 1.0094,
    "gain_to_pain_ratio": 2.532,
    "annualized_return": 3.18675
  }
}