{
  "features": [
    "total_pnl",
    "best_market_pnl",
    "worst_market_pnl",
    "avg_market_exposure",
    "profitable_markets_count",
    "sortino_ratio",
    "calmar_ratio",
    "annualized_return",
    "sports_pnl",
    "sports_trades",
    "sports_invested",
    "sports_pnl_mlb",
    "sports_pnl_la_liga",
    "sports_pnl_ligue_1",
    "sports_pnl_bundesliga",
    "sports_pnl_wnba",
    "sports_pnl_golf",
    "sports_pnl_college_football",
    "sports_pnl_f1",
    "total_invested_7d",
    "best_market_pnl_7d",
    "worst_market_pnl_7d",
    "profit_factor_7d",
    "win_rate_7d",
    "pnl_cat_sports_7d",
    "total_pnl_3d",
    "total_invested_3d"
  ],
  "weights": [
    11.945971979578335,
    9.713187159112813,
    2.0887147414486895,
    6.097368823223964,
    6.025408793064979,
    1.5802620417960058,
    0.8887578651238495,
    4.8387898637878735,
    1.873216184751795,
    7.182729839553596,
    3.0766638676926954,
    2.652667617877806,
    1.1089351645388228,
    0.9925047980747705,
    0.08736077178853119,
    0.07910695313938892,
    1.212293354394511,
    0.10305582598067924,
    0.6462141436854161,
    9.660171153287745,
    7.265327002291202,
    7.051067898152031,
    1.7993962603106624,
    8.412094807273533,
    2.7523592017455343,
    1.4144048122729612e-18,
    0.8663738883247688
  ],
  "spearman_rho": 0.2934955685175083,
  "p_at_k_train": 0.4708196721311474,
  "inverted": [
    "worst_market_pnl",
    "win_rate_7d",
    "profit_factor_7d",
    "worst_market_pnl_7d"
  ],
  "medians": {
    "gain_to_pain_ratio": 2.3459,
    "sortino_ratio": 0.95655,
    "annualized_return": 3.0638,
    "calmar_ratio": 3.3309
  }
}