{
  "features": [
    "total_pnl",
    "best_market_pnl",
    "worst_market_pnl",
    "avg_market_exposure",
    "profitable_markets_count",
    "sortino_ratio",
    "calmar_ratio",
    "annualized_return",
    "sports_pnl",
    "sports_trades",
    "sports_invested",
    "sports_pnl_mlb",
    "sports_pnl_la_liga",
    "sports_pnl_ligue_1",
    "sports_pnl_bundesliga",
    "sports_pnl_wnba",
    "sports_pnl_golf",
    "sports_pnl_college_football",
    "sports_pnl_f1",
    "total_invested_7d",
    "best_market_pnl_7d",
    "worst_market_pnl_7d",
    "profit_factor_7d",
    "win_rate_7d",
    "pnl_cat_sports_7d",
    "total_pnl_3d",
    "total_invested_3d"
  ],
  "weights": [
    3.1383513349527914,
    1.6874569202385787,
    4.169981498942298,
    3.499169458426259,
    8.183991033738735,
    5.65618910715522,
    2.7935011207362392,
    0.8606623567951389,
    6.614314307829309,
    3.8082946829097497,
    3.464606310165591,
    2.638149155098515,
    0.7137003554213466,
    2.2706946745380097,
    4.146797508161886,
    6.1326363629282765,
    0.18625214706566579,
    6.198868357634311,
    5.724072872960302,
    7.31019071262506,
    3.1020069750175128,
    1.106167947104411,
    1.5026542586896927,
    2.522791236481798,
    1.2300107734860606,
    2.5145874408765514,
    8.823901090020684
  ],
  "spearman_rho": 0.3786877594679378,
  "p_at_k_train": 0.542950819672131,
  "inverted": [
    "profit_factor_7d",
    "worst_market_pnl",
    "win_rate_7d",
    "worst_market_pnl_7d"
  ],
  "medians": {
    "gain_to_pain_ratio": 2.3459,
    "annualized_return": 3.0638,
    "sortino_ratio": 0.95655,
    "calmar_ratio": 3.3309
  }
}